{"cameraMode":{"drawMode":0,"name":"Shaded","section":"Shading Mode"},"sceneLighting":true,"audioPlay":false,"sceneViewState":{"showFog":true,"showMaterialUpdate":false,"showSkybox":true,"showFlares":true,"showImageEffects":true,"showParticleSystems":true},"in2DMode":false,"pivot":{"x":4.266732692718506,"y":6.092486381530762,"z":12.816878318786621},"rotation":{"x":0.09907930344343186,"y":-0.8628313541412354,"z":0.18607006967067719,"w":0.4594445526599884},"size":-0.4111083745956421,"orthographic":false}